FullTime Resident,
home,Home
work,Work,Work General,Farm
beach,Beach
shops,Shop Retail,Shop Food,Shop Tavern,Shop General,Business General,Business Other
other,Study Other,School,Study General,Kindergarten ,Visiting,Recreation,Health,Service Centre

PartTime Resident,
home,Home
work,Farm,Work,Work General
beach,Beach
shops,Shop Retail,Shop Food,Shop Tavern, Business Other,Shop General,Business General
other,Study Other,Study General,Visiting,Recreation,Health,Service Centre

Regular Visitor,
home,Out of Region
work,Work,Work General,Farm
beach,Beach
shops, Shop Retail,Shop Food,Shop Tavern, Business Other
other, Study Other,School, Kindergarten,Recreation,Health

Overnight Visitor,
home,Caravan Park,Hotel,B&B,Camp
beach,Beach
shops, Shop Retail,Shop Food,Shop Tavern, Business Other
other,Visiting,Recreation

Daytime Visitor,
home,Out of Region
beach,Beach
shops,Shop Retail,Shop Food,Shop Tavern, Business Other
other,Visiting,Recreation
